date,cash,shares,close,market_value,equity
2021-06-29,100000.0,0,17.7,0.0,100000.0
2021-06-30,100000.0,0,18.32,0.0,100000.0
2021-07-01,100000.0,0,18.01,0.0,100000.0
2021-07-02,100000.0,0,17.51,0.0,100000.0
2021-07-05,100000.0,0,17.88,0.0,100000.0
2021-07-06,100000.0,0,17.43,0.0,100000.0
2021-07-07,100000.0,0,17.22,0.0,100000.0
2021-07-08,100000.0,0,17.43,0.0,100000.0
2021-07-09,100000.0,0,17.05,0.0,100000.0
2021-07-12,100000.0,0,17.45,0.0,100000.0
2021-07-13,100000.0,0,17.11,0.0,100000.0
2021-07-14,100000.0,0,16.53,0.0,100000.0
2021-07-15,100000.0,0,16.43,0.0,100000.0
2021-07-16,100000.0,0,16.35,0.0,100000.0
2021-07-19,100000.0,0,16.22,0.0,100000.0
2021-07-20,100000.0,0,16.37,0.0,100000.0
2021-07-21,100000.0,0,16.38,0.0,100000.0
2021-07-22,100000.0,0,16.48,0.0,100000.0
2021-07-23,100000.0,0,16.01,0.0,100000.0
2021-07-26,100000.0,0,16.17,0.0,100000.0
2021-07-27,100000.0,0,16.73,0.0,100000.0
2021-07-28,100000.0,0,16.45,0.0,100000.0
2021-07-29,100000.0,0,17.02,0.0,100000.0
2021-07-30,100000.0,0,17.61,0.0,100000.0
2021-08-02,100000.0,0,17.65,0.0,100000.0
2021-08-03,100000.0,0,16.94,0.0,100000.0
2021-08-04,100000.0,0,17.09,0.0,100000.0
2021-08-05,100000.0,0,16.6,0.0,100000.0
2021-08-06,100000.0,0,16.82,0.0,100000.0
2021-08-09,100000.0,0,16.6,0.0,100000.0
2021-08-10,100000.0,0,16.68,0.0,100000.0
2021-08-11,100000.0,0,16.48,0.0,100000.0
2021-08-12,100000.0,0,16.56,0.0,100000.0
2021-08-13,100000.0,0,16.28,0.0,100000.0
2021-08-16,100000.0,0,16.36,0.0,100000.0
2021-08-17,100000.0,0,16.01,0.0,100000.0
2021-08-18,100000.0,0,16.07,0.0,100000.0
2021-08-19,100000.0,0,16.14,0.0,100000.0
2021-08-20,100000.0,0,16.48,0.0,100000.0
2021-08-23,100000.0,0,16.44,0.0,100000.0
2021-08-24,100000.0,0,16.31,0.0,100000.0
2021-08-25,100000.0,0,16.28,0.0,100000.0
2021-08-26,100000.0,0,15.85,0.0,100000.0
2021-08-27,100000.0,0,15.38,0.0,100000.0
2021-08-30,100000.0,0,15.41,0.0,100000.0
2021-08-31,100000.0,0,15.13,0.0,100000.0
2021-09-01,100000.0,0,15.28,0.0,100000.0
2021-09-02,100000.0,0,15.07,0.0,100000.0
2021-09-03,100000.0,0,15.3,0.0,100000.0
2021-09-06,100000.0,0,15.53,0.0,100000.0
2021-09-07,100000.0,0,15.54,0.0,100000.0
2021-09-08,100000.0,0,15.49,0.0,100000.0
2021-09-09,100000.0,0,15.3,0.0,100000.0
2021-09-10,100000.0,0,15.51,0.0,100000.0
2021-09-13,100000.0,0,15.24,0.0,100000.0
2021-09-14,100000.0,0,15.16,0.0,100000.0
2021-09-15,100000.0,0,15.01,0.0,100000.0
2021-09-16,100000.0,0,14.68,0.0,100000.0
2021-09-17,100000.0,0,14.3,0.0,100000.0
2021-09-22,100000.0,0,14.06,0.0,100000.0
2021-09-23,100000.0,0,14.3,0.0,100000.0
2021-09-24,100000.0,0,13.83,0.0,100000.0
2021-09-27,100000.0,0,13.72,0.0,100000.0
2021-09-28,100000.0,0,13.75,0.0,100000.0
2021-09-29,100000.0,0,13.24,0.0,100000.0
2021-09-30,100000.0,0,13.23,0.0,100000.0
2021-10-08,100000.0,0,13.9,0.0,100000.0
2021-10-11,100000.0,0,14.08,0.0,100000.0
2021-10-12,100000.0,0,13.98,0.0,100000.0
2021-10-13,100000.0,0,14.15,0.0,100000.0
2021-10-14,100000.0,0,13.97,0.0,100000.0
2021-10-15,100000.0,0,13.96,0.0,100000.0
2021-10-18,100000.0,0,13.68,0.0,100000.0
2021-10-19,100000.0,0,13.73,0.0,100000.0
2021-10-20,100000.0,0,13.73,0.0,100000.0
2021-10-21,100000.0,0,13.55,0.0,100000.0
2021-10-22,100000.0,0,13.72,0.0,100000.0
2021-10-25,100000.0,0,13.57,0.0,100000.0
2021-10-26,100000.0,0,13.88,0.0,100000.0
2021-10-27,100000.0,0,13.35,0.0,100000.0
2021-10-28,100000.0,0,13.44,0.0,100000.0
2021-10-29,100000.0,0,13.98,0.0,100000.0
2021-11-01,100000.0,0,13.91,0.0,100000.0
2021-11-02,100000.0,0,14.23,0.0,100000.0
2021-11-03,100000.0,0,14.27,0.0,100000.0
2021-11-04,100000.0,0,14.41,0.0,100000.0
2021-11-05,100000.0,0,15.93,0.0,100000.0
2021-11-08,100000.0,0,15.17,0.0,100000.0
2021-11-09,100000.0,0,15.26,0.0,100000.0
2021-11-10,100000.0,0,15.12,0.0,100000.0
2021-11-11,100000.0,0,15.1,0.0,100000.0
2021-11-12,100000.0,0,15.2,0.0,100000.0
2021-11-15,100000.0,0,15.09,0.0,100000.0
2021-11-16,100000.0,0,14.6,0.0,100000.0
2021-11-17,100000.0,0,14.73,0.0,100000.0
2021-11-18,100000.0,0,14.79,0.0,100000.0
2021-11-19,100000.0,0,14.86,0.0,100000.0
2021-11-22,100000.0,0,15.13,0.0,100000.0
2021-11-23,100000.0,0,15.03,0.0,100000.0
2021-11-24,100000.0,0,14.93,0.0,100000.0
2021-11-25,100000.0,0,15.07,0.0,100000.0
2021-11-26,100000.0,0,14.79,0.0,100000.0
2021-11-29,100000.0,0,14.49,0.0,100000.0
2021-11-30,100000.0,0,14.63,0.0,100000.0
2021-12-01,100000.0,0,14.8,0.0,100000.0
2021-12-02,100000.0,0,14.61,0.0,100000.0
2021-12-03,100000.0,0,14.74,0.0,100000.0
2021-12-06,100000.0,0,15.13,0.0,100000.0
2021-12-07,10643.732999999993,5900,15.18,89562.0,100205.733
2021-12-08,10643.732999999993,5900,15.43,91037.0,101680.733
2021-12-09,10643.732999999993,5900,15.34,90506.0,101149.733
2021-12-10,10643.732999999993,5900,15.38,90742.0,101385.733
2021-12-13,10643.732999999993,5900,15.31,90329.0,100972.733
2021-12-14,10643.732999999993,5900,15.34,90506.0,101149.733
2021-12-15,10643.732999999993,5900,15.69,92571.0,103214.733
2021-12-16,10643.732999999993,5900,15.68,92512.0,103155.733
2021-12-17,10643.732999999993,5900,15.99,94341.0,104984.733
2021-12-20,10643.732999999993,5900,15.22,89798.0,100441.733
2021-12-21,10643.732999999993,5900,15.71,92689.0,103332.733
2021-12-22,10643.732999999993,5900,15.54,91686.0,102329.733
2021-12-23,10643.732999999993,5900,15.43,91037.0,101680.733
2021-12-24,10643.732999999993,5900,15.16,89444.0,100087.733
2021-12-27,100351.935,0,15.03,0.0,100351.935
2021-12-28,100351.935,0,15.24,0.0,100351.935
2021-12-29,100351.935,0,14.99,0.0,100351.935
2021-12-30,100351.935,0,15.02,0.0,100351.935
2021-12-31,100351.935,0,15.02,0.0,100351.935
2022-01-04,100351.935,0,15.31,0.0,100351.935
2022-01-05,100351.935,0,15.0,0.0,100351.935
2022-01-06,100351.935,0,14.95,0.0,100351.935
2022-01-07,100351.935,0,14.75,0.0,100351.935
2022-01-10,100351.935,0,14.65,0.0,100351.935
2022-01-11,100351.935,0,14.32,0.0,100351.935
2022-01-12,100351.935,0,14.44,0.0,100351.935
2022-01-13,100351.935,0,14.2,0.0,100351.935
2022-01-14,100351.935,0,14.08,0.0,100351.935
2022-01-17,100351.935,0,14.33,0.0,100351.935
2022-01-18,100351.935,0,14.31,0.0,100351.935
2022-01-19,100351.935,0,13.98,0.0,100351.935
2022-01-20,100351.935,0,14.02,0.0,100351.935
2022-01-21,100351.935,0,14.06,0.0,100351.935
2022-01-24,100351.935,0,13.64,0.0,100351.935
2022-01-25,100351.935,0,12.98,0.0,100351.935
2022-01-26,100351.935,0,12.94,0.0,100351.935
2022-01-27,100351.935,0,12.4,0.0,100351.935
2022-01-28,100351.935,0,12.47,0.0,100351.935
2022-02-07,100351.935,0,12.69,0.0,100351.935
2022-02-08,100351.935,0,12.96,0.0,100351.935
2022-02-09,100351.935,0,13.03,0.0,100351.935
2022-02-10,100351.935,0,12.99,0.0,100351.935
2022-02-11,100351.935,0,12.82,0.0,100351.935
2022-02-14,100351.935,0,12.81,0.0,100351.935
2022-02-15,100351.935,0,12.82,0.0,100351.935
2022-02-16,100351.935,0,12.87,0.0,100351.935
2022-02-17,100351.935,0,12.74,0.0,100351.935
2022-02-18,100351.935,0,12.82,0.0,100351.935
2022-02-21,100351.935,0,13.06,0.0,100351.935
2022-02-22,100351.935,0,12.79,0.0,100351.935
2022-02-23,100351.935,0,13.11,0.0,100351.935
2022-02-24,100351.935,0,12.78,0.0,100351.935
2022-02-25,100351.935,0,12.87,0.0,100351.935
2022-02-28,100351.935,0,12.8,0.0,100351.935
2022-03-01,100351.935,0,12.78,0.0,100351.935
2022-03-02,100351.935,0,12.58,0.0,100351.935
2022-03-03,100351.935,0,12.42,0.0,100351.935
2022-03-04,100351.935,0,12.29,0.0,100351.935
2022-03-07,100351.935,0,11.69,0.0,100351.935
2022-03-08,100351.935,0,11.3,0.0,100351.935
2022-03-09,100351.935,0,10.99,0.0,100351.935
2022-03-10,100351.935,0,10.98,0.0,100351.935
2022-03-11,100351.935,0,11.06,0.0,100351.935
2022-03-14,100351.935,0,10.71,0.0,100351.935
2022-03-15,100351.935,0,9.91,0.0,100351.935
2022-03-16,100351.935,0,10.36,0.0,100351.935
2022-03-17,100351.935,0,10.56,0.0,100351.935
2022-03-18,100351.935,0,10.69,0.0,100351.935
2022-03-21,100351.935,0,10.84,0.0,100351.935
2022-03-22,100351.935,0,10.77,0.0,100351.935
2022-03-23,100351.935,0,10.87,0.0,100351.935
2022-03-24,100351.935,0,10.65,0.0,100351.935
2022-03-25,100351.935,0,10.5,0.0,100351.935
2022-03-28,100351.935,0,10.59,0.0,100351.935
2022-03-29,100351.935,0,10.33,0.0,100351.935
2022-03-30,100351.935,0,10.63,0.0,100351.935
2022-03-31,100351.935,0,10.52,0.0,100351.935
2022-04-01,100351.935,0,10.47,0.0,100351.935
2022-04-06,100351.935,0,10.39,0.0,100351.935
2022-04-07,100351.935,0,10.13,0.0,100351.935
2022-04-08,100351.935,0,9.99,0.0,100351.935
2022-04-11,100351.935,0,9.44,0.0,100351.935
2022-04-12,100351.935,0,9.9,0.0,100351.935
2022-04-13,100351.935,0,9.82,0.0,100351.935
2022-04-14,100351.935,0,9.85,0.0,100351.935
2022-04-15,100351.935,0,9.7,0.0,100351.935
2022-04-18,100351.935,0,9.81,0.0,100351.935
2022-04-19,100351.935,0,9.77,0.0,100351.935
2022-04-20,100351.935,0,9.86,0.0,100351.935
2022-04-21,100351.935,0,9.59,0.0,100351.935
2022-04-22,100351.935,0,9.29,0.0,100351.935
2022-04-25,100351.935,0,8.31,0.0,100351.935
2022-04-26,100351.935,0,8.0,0.0,100351.935
2022-04-27,100351.935,0,8.54,0.0,100351.935
2022-04-28,100351.935,0,8.36,0.0,100351.935
2022-04-29,100351.935,0,8.93,0.0,100351.935
2022-05-05,100351.935,0,9.02,0.0,100351.935
2022-05-06,100351.935,0,9.2,0.0,100351.935
2022-05-09,100351.935,0,9.23,0.0,100351.935
2022-05-10,100351.935,0,9.35,0.0,100351.935
2022-05-11,100351.935,0,9.62,0.0,100351.935
2022-05-12,100351.935,0,9.86,0.0,100351.935
2022-05-13,100351.935,0,9.75,0.0,100351.935
2022-05-16,100351.935,0,9.57,0.0,100351.935
2022-05-17,100351.935,0,9.69,0.0,100351.935
2022-05-18,100351.935,0,9.76,0.0,100351.935
2022-05-19,100351.935,0,9.8,0.0,100351.935
2022-05-20,100351.935,0,9.92,0.0,100351.935
2022-05-23,100351.935,0,9.98,0.0,100351.935
2022-05-24,100351.935,0,9.53,0.0,100351.935
2022-05-25,100351.935,0,9.67,0.0,100351.935
2022-05-26,100351.935,0,9.82,0.0,100351.935
2022-05-27,100351.935,0,9.66,0.0,100351.935
2022-05-30,100351.935,0,9.88,0.0,100351.935
2022-05-31,100351.935,0,10.15,0.0,100351.935
2022-06-01,100351.935,0,10.28,0.0,100351.935
2022-06-02,100351.935,0,10.31,0.0,100351.935
2022-06-06,100351.935,0,10.5,0.0,100351.935
2022-06-07,100351.935,0,10.47,0.0,100351.935
2022-06-08,100351.935,0,10.32,0.0,100351.935
2022-06-09,100351.935,0,10.05,0.0,100351.935
2022-06-10,100351.935,0,10.29,0.0,100351.935
2022-06-13,100351.935,0,10.28,0.0,100351.935
2022-06-14,100351.935,0,10.2,0.0,100351.935
2022-06-15,100351.935,0,10.54,0.0,100351.935
2022-06-16,100351.935,0,10.52,0.0,100351.935
2022-06-17,100351.935,0,10.44,0.0,100351.935
2022-06-20,100351.935,0,10.53,0.0,100351.935
2022-06-21,100351.935,0,10.54,0.0,100351.935
2022-06-22,100351.935,0,10.24,0.0,100351.935
2022-06-23,100351.935,0,10.58,0.0,100351.935
2022-06-24,100351.935,0,10.82,0.0,100351.935
2022-06-27,100351.935,0,10.78,0.0,100351.935
2022-06-28,100351.935,0,11.24,0.0,100351.935
2022-06-29,100351.935,0,11.01,0.0,100351.935
2022-06-30,100351.935,0,10.97,0.0,100351.935
2022-07-01,100351.935,0,10.76,0.0,100351.935
2022-07-04,100351.935,0,10.63,0.0,100351.935
2022-07-05,100351.935,0,10.5,0.0,100351.935
2022-07-06,100351.935,0,10.45,0.0,100351.935
2022-07-07,100351.935,0,10.48,0.0,100351.935
2022-07-08,100351.935,0,10.49,0.0,100351.935
2022-07-11,100351.935,0,10.21,0.0,100351.935
2022-07-12,100351.935,0,10.03,0.0,100351.935
2022-07-13,100351.935,0,10.08,0.0,100351.935
2022-07-14,100351.935,0,10.05,0.0,100351.935
2022-07-15,100351.935,0,10.99,0.0,100351.935
2022-07-18,10636.308999999994,8200,10.88,89216.0,99852.309
2022-07-19,10636.308999999994,8200,11.46,93972.0,104608.309
2022-07-20,10636.308999999994,8200,11.49,94218.0,104854.309
2022-07-21,10636.308999999994,8200,11.57,94874.0,105510.309
2022-07-22,10636.308999999994,8200,11.34,92988.0,103624.309
2022-07-25,10636.308999999994,8200,11.06,90692.0,101328.309
2022-07-26,10636.308999999994,8200,11.09,90938.0,101574.309
2022-07-27,10636.308999999994,8200,10.98,90036.0,100672.309
2022-07-28,10636.308999999994,8200,11.33,92906.0,103542.309
2022-07-29,10636.308999999994,8200,11.08,90856.0,101492.309
2022-08-01,10636.308999999994,8200,11.44,93808.0,104444.309
2022-08-02,10636.308999999994,8200,10.93,89626.0,100262.309
2022-08-03,10636.308999999994,8200,11.18,91676.0,102312.309
2022-08-04,10636.308999999994,8200,11.52,94464.0,105100.309
2022-08-05,10636.308999999994,8200,12.18,99876.0,110512.309
2022-08-08,10636.308999999994,8200,12.06,98892.0,109528.309
2022-08-09,10636.308999999994,8200,12.08,99056.0,109692.309
2022-08-10,10636.308999999994,8200,12.33,101106.0,111742.309
2022-08-11,10636.308999999994,8200,12.5,102500.0,113136.309
2022-08-12,10636.308999999994,8200,12.96,106272.0,116908.309
2022-08-15,10636.308999999994,8200,13.19,108158.0,118794.309
2022-08-16,10636.308999999994,8200,13.02,106764.0,117400.309
2022-08-17,10636.308999999994,8200,12.73,104386.0,115022.309
2022-08-18,10636.308999999994,8200,13.05,107010.0,117646.309
2022-08-19,10636.308999999994,8200,12.69,104058.0,114694.309
2022-08-22,10636.308999999994,8200,12.58,103156.0,113792.309
2022-08-23,10636.308999999994,8200,12.79,104878.0,115514.309
2022-08-24,10636.308999999994,8200,12.09,99138.0,109774.309
2022-08-25,110822.023,0,12.23,0.0,110822.023
2022-08-26,110822.023,0,11.78,0.0,110822.023
2022-08-29,110822.023,0,11.65,0.0,110822.023
2022-08-30,110822.023,0,11.8,0.0,110822.023
2022-08-31,110822.023,0,11.52,0.0,110822.023
2022-09-01,110822.023,0,11.47,0.0,110822.023
2022-09-02,110822.023,0,11.72,0.0,110822.023
2022-09-05,110822.023,0,11.66,0.0,110822.023
2022-09-06,110822.023,0,11.67,0.0,110822.023
2022-09-07,110822.023,0,11.74,0.0,110822.023
2022-09-08,110822.023,0,11.48,0.0,110822.023
2022-09-09,110822.023,0,11.55,0.0,110822.023
2022-09-13,110822.023,0,11.53,0.0,110822.023
2022-09-14,110822.023,0,11.02,0.0,110822.023
2022-09-15,110822.023,0,10.8,0.0,110822.023
2022-09-16,110822.023,0,10.59,0.0,110822.023
2022-09-19,110822.023,0,10.44,0.0,110822.023
2022-09-20,110822.023,0,10.51,0.0,110822.023
2022-09-21,110822.023,0,10.56,0.0,110822.023
2022-09-22,110822.023,0,10.48,0.0,110822.023
2022-09-23,110822.023,0,10.2,0.0,110822.023
2022-09-26,110822.023,0,10.03,0.0,110822.023
2022-09-27,110822.023,0,10.3,0.0,110822.023
2022-09-28,110822.023,0,9.94,0.0,110822.023
2022-09-29,110822.023,0,9.94,0.0,110822.023
2022-09-30,110822.023,0,9.83,0.0,110822.023
2022-10-10,110822.023,0,9.51,0.0,110822.023
2022-10-11,110822.023,0,9.63,0.0,110822.023
2022-10-12,110822.023,0,10.15,0.0,110822.023
2022-10-13,110822.023,0,10.28,0.0,110822.023
2022-10-14,110822.023,0,10.48,0.0,110822.023
2022-10-17,110822.023,0,10.74,0.0,110822.023
2022-10-18,110822.023,0,10.67,0.0,110822.023
2022-10-19,110822.023,0,10.55,0.0,110822.023
2022-10-20,110822.023,0,10.77,0.0,110822.023
2022-10-21,110822.023,0,10.59,0.0,110822.023
2022-10-24,110822.023,0,10.59,0.0,110822.023
2022-10-25,110822.023,0,10.43,0.0,110822.023
2022-10-26,110822.023,0,10.93,0.0,110822.023
2022-10-27,110822.023,0,10.91,0.0,110822.023
2022-10-28,110822.023,0,10.43,0.0,110822.023
2022-10-31,110822.023,0,10.77,0.0,110822.023
2022-11-01,110822.023,0,11.03,0.0,110822.023
2022-11-02,110822.023,0,11.01,0.0,110822.023
2022-11-03,110822.023,0,10.96,0.0,110822.023
2022-11-04,110822.023,0,11.14,0.0,110822.023
2022-11-07,110822.023,0,11.02,0.0,110822.023
2022-11-08,110822.023,0,10.99,0.0,110822.023
2022-11-09,110822.023,0,10.91,0.0,110822.023
2022-11-10,110822.023,0,10.71,0.0,110822.023
2022-11-11,110822.023,0,10.76,0.0,110822.023
2022-11-14,110822.023,0,10.98,0.0,110822.023
2022-11-15,110822.023,0,11.38,0.0,110822.023
2022-11-16,110822.023,0,11.19,0.0,110822.023
2022-11-17,110822.023,0,11.56,0.0,110822.023
2022-11-18,110822.023,0,11.66,0.0,110822.023
2022-11-21,110822.023,0,11.53,0.0,110822.023
2022-11-22,110822.023,0,11.37,0.0,110822.023
2022-11-23,110822.023,0,11.4,0.0,110822.023
2022-11-24,110822.023,0,11.17,0.0,110822.023
2022-11-25,110822.023,0,11.0,0.0,110822.023
2022-11-28,110822.023,0,10.82,0.0,110822.023
2022-11-29,110822.023,0,11.01,0.0,110822.023
2022-11-30,110822.023,0,11.03,0.0,110822.023
2022-12-01,110822.023,0,11.13,0.0,110822.023
2022-12-02,110822.023,0,11.05,0.0,110822.023
2022-12-05,110822.023,0,11.33,0.0,110822.023
2022-12-06,11458.759000000005,8800,11.25,99000.0,110458.759
2022-12-07,11458.759000000005,8800,11.03,97064.0,108522.759
2022-12-08,108425.695,0,10.85,0.0,108425.695
2022-12-09,108425.695,0,10.62,0.0,108425.695
2022-12-12,108425.695,0,10.89,0.0,108425.695
2022-12-13,108425.695,0,10.63,0.0,108425.695
2022-12-14,108425.695,0,10.65,0.0,108425.695
2022-12-15,108425.695,0,10.77,0.0,108425.695
2022-12-16,108425.695,0,10.56,0.0,108425.695
2022-12-19,108425.695,0,10.24,0.0,108425.695
2022-12-20,108425.695,0,10.25,0.0,108425.695
2022-12-21,108425.695,0,10.03,0.0,108425.695
2022-12-22,108425.695,0,9.89,0.0,108425.695
2022-12-23,108425.695,0,9.9,0.0,108425.695
2022-12-26,108425.695,0,10.13,0.0,108425.695
2022-12-27,108425.695,0,10.2,0.0,108425.695
2022-12-28,108425.695,0,10.03,0.0,108425.695
2022-12-29,108425.695,0,9.98,0.0,108425.695
2022-12-30,108425.695,0,10.02,0.0,108425.695
2023-01-03,108425.695,0,10.32,0.0,108425.695
2023-01-04,108425.695,0,10.55,0.0,108425.695
2023-01-05,108425.695,0,10.59,0.0,108425.695
2023-01-06,108425.695,0,10.58,0.0,108425.695
2023-01-09,108425.695,0,10.58,0.0,108425.695
2023-01-10,108425.695,0,10.63,0.0,108425.695
2023-01-11,108425.695,0,10.51,0.0,108425.695
2023-01-12,108425.695,0,10.55,0.0,108425.695
2023-01-13,108425.695,0,10.62,0.0,108425.695
2023-01-16,108425.695,0,10.55,0.0,108425.695
2023-01-17,108425.695,0,10.67,0.0,108425.695
2023-01-18,108425.695,0,10.74,0.0,108425.695
2023-01-19,108425.695,0,10.9,0.0,108425.695
2023-01-20,108425.695,0,10.97,0.0,108425.695
2023-01-30,108425.695,0,11.04,0.0,108425.695
2023-01-31,108425.695,0,10.95,0.0,108425.695
2023-02-01,108425.695,0,11.21,0.0,108425.695
2023-02-02,108425.695,0,11.44,0.0,108425.695
2023-02-03,108425.695,0,11.52,0.0,108425.695
2023-02-06,108425.695,0,11.43,0.0,108425.695
2023-02-07,108425.695,0,11.48,0.0,108425.695
2023-02-08,108425.695,0,11.31,0.0,108425.695
2023-02-09,108425.695,0,11.84,0.0,108425.695
2023-02-10,108425.695,0,12.14,0.0,108425.695
2023-02-13,108425.695,0,12.07,0.0,108425.695
2023-02-14,108425.695,0,12.06,0.0,108425.695
2023-02-15,108425.695,0,12.22,0.0,108425.695
2023-02-16,108425.695,0,11.82,0.0,108425.695
2023-02-17,108425.695,0,11.54,0.0,108425.695
2023-02-20,108425.695,0,11.82,0.0,108425.695
2023-02-21,108425.695,0,11.82,0.0,108425.695
2023-02-22,108425.695,0,11.8,0.0,108425.695
2023-02-23,108425.695,0,11.69,0.0,108425.695
2023-02-24,108425.695,0,11.78,0.0,108425.695
2023-02-27,108425.695,0,11.6,0.0,108425.695
2023-02-28,108425.695,0,11.83,0.0,108425.695
2023-03-01,11651.017000000007,8200,12.24,100368.0,112019.017
2023-03-02,11651.017000000007,8200,12.22,100204.0,111855.017
2023-03-03,11651.017000000007,8200,12.32,101024.0,112675.017
2023-03-06,11651.017000000007,8200,12.52,102664.0,114315.017
2023-03-07,11651.017000000007,8200,11.88,97416.0,109067.017
2023-03-08,108887.683,0,12.17,0.0,108887.683
2023-03-09,11029.92300000001,8000,12.17,97360.0,108389.92300000001
2023-03-10,11029.92300000001,8000,12.11,96880.0,107909.92300000001
2023-03-13,11029.92300000001,8000,12.38,99040.0,110069.92300000001
2023-03-14,11029.92300000001,8000,12.2,97600.0,108629.92300000001
2023-03-15,11029.92300000001,8000,12.31,98480.0,109509.92300000001
2023-03-16,11029.92300000001,8000,12.06,96480.0,107509.92300000001
2023-03-17,11029.92300000001,8000,12.41,99280.0,110309.92300000001
2023-03-20,11029.92300000001,8000,12.3,98400.0,109429.92300000001
2023-03-21,11029.92300000001,8000,12.61,100880.0,111909.92300000001
2023-03-22,11029.92300000001,8000,12.81,102480.0,113509.92300000001
2023-03-23,11029.92300000001,8000,13.52,108160.0,119189.92300000001
2023-03-24,11029.92300000001,8000,14.67,117360.0,128389.92300000001
2023-03-27,11029.92300000001,8000,14.18,113440.0,124469.92300000001
2023-03-28,11029.92300000001,8000,13.47,107760.0,118789.92300000001
2023-03-29,11029.92300000001,8000,13.55,108400.0,119429.92300000001
2023-03-30,11029.92300000001,8000,14.97,119760.0,130789.92300000001
2023-03-31,11029.92300000001,8000,16.05,128400.0,139429.923
2023-04-03,11029.92300000001,8000,17.72,141760.0,152789.923
2023-04-04,11029.92300000001,8000,18.15,145200.0,156229.923
2023-04-06,11029.92300000001,8000,20.03,160240.0,171269.923
2023-04-07,11029.92300000001,8000,19.76,158080.0,169109.923
2023-04-10,11029.92300000001,8000,19.99,159920.0,170949.923
2023-04-11,11029.92300000001,8000,19.78,158240.0,169269.923
2023-04-12,11029.92300000001,8000,19.14,153120.0,164149.923
2023-04-13,11029.92300000001,8000,18.33,146640.0,157669.923
2023-04-14,11029.92300000001,8000,18.73,149840.0,160869.923
2023-04-17,11029.92300000001,8000,19.47,155760.0,166789.923
2023-04-18,11029.92300000001,8000,19.13,153040.0,164069.923
2023-04-19,11029.92300000001,8000,18.7,149600.0,160629.923
2023-04-20,11029.92300000001,8000,20.42,163360.0,174389.923
2023-04-21,11029.92300000001,8000,19.73,157840.0,168869.923
2023-04-24,11029.92300000001,8000,19.25,154000.0,165029.923
2023-04-25,11029.92300000001,8000,18.28,146240.0,157269.923
2023-04-26,11029.92300000001,8000,16.39,131120.0,142149.923
2023-04-27,138022.803,0,16.79,0.0,138022.803
2023-04-28,138022.803,0,17.14,0.0,138022.803
2023-05-04,138022.803,0,16.13,0.0,138022.803
2023-05-05,138022.803,0,15.93,0.0,138022.803
2023-05-08,138022.803,0,16.04,0.0,138022.803
2023-05-09,138022.803,0,16.07,0.0,138022.803
2023-05-10,138022.803,0,15.57,0.0,138022.803
2023-05-11,138022.803,0,17.19,0.0,138022.803
2023-05-12,138022.803,0,16.74,0.0,138022.803
2023-05-15,138022.803,0,16.61,0.0,138022.803
2023-05-16,138022.803,0,18.34,0.0,138022.803
2023-05-17,15602.505000000005,6600,18.99,125333.99999999999,140936.505
2023-05-18,15602.505000000005,6600,18.77,123882.0,139484.505
2023-05-19,15602.505000000005,6600,19.21,126786.0,142388.505
2023-05-22,15602.505000000005,6600,19.47,128501.99999999999,144104.505
2023-05-23,15602.505000000005,6600,17.73,117018.0,132620.505
2023-05-24,15602.505000000005,6600,17.63,116358.0,131960.505
2023-05-25,15602.505000000005,6600,18.49,122033.99999999999,137636.505
2023-05-26,15602.505000000005,6600,20.03,132198.0,147800.505
2023-05-29,15602.505000000005,6600,19.38,127908.0,143510.505
2023-05-30,15602.505000000005,6600,20.56,135696.0,151298.505
2023-05-31,15602.505000000005,6600,22.22,146652.0,162254.505
2023-06-01,15602.505000000005,6600,21.54,142164.0,157766.505
2023-06-02,15602.505000000005,6600,21.25,140250.0,155852.505
2023-06-05,15602.505000000005,6600,20.75,136950.0,152552.505
2023-06-06,15602.505000000005,6600,20.53,135498.0,151100.505
2023-06-07,15602.505000000005,6600,20.89,137874.0,153476.505
2023-06-08,15602.505000000005,6600,19.8,130680.0,146282.505
2023-06-09,15602.505000000005,6600,21.22,140052.0,155654.505
2023-06-12,15602.505000000005,6600,20.54,135564.0,151166.505
2023-06-13,15602.505000000005,6600,21.3,140580.0,156182.505
2023-06-14,15602.505000000005,6600,21.53,142098.0,157700.505
2023-06-15,15602.505000000005,6600,20.69,136554.0,152156.505
2023-06-16,15602.505000000005,6600,20.93,138138.0,153740.505
2023-06-19,15602.505000000005,6600,21.31,140646.0,156248.505
2023-06-20,15602.505000000005,6600,20.55,135630.0,151232.505
2023-06-21,149778.195,0,18.67,0.0,149778.195
2023-06-26,149778.195,0,17.2,0.0,149778.195
2023-06-27,149778.195,0,17.88,0.0,149778.195
2023-06-28,149778.195,0,18.08,0.0,149778.195
2023-06-29,149778.195,0,19.28,0.0,149778.195
2023-06-30,149778.195,0,19.32,0.0,149778.195
2023-07-03,149778.195,0,18.88,0.0,149778.195
2023-07-04,149778.195,0,19.22,0.0,149778.195
2023-07-05,149778.195,0,19.13,0.0,149778.195
2023-07-06,149778.195,0,19.78,0.0,149778.195
2023-07-07,149778.195,0,19.04,0.0,149778.195
2023-07-10,149778.195,0,18.61,0.0,149778.195
2023-07-11,149778.195,0,20.22,0.0,149778.195
2023-07-12,16258.809000000008,6600,19.76,130416.00000000001,146674.809
2023-07-13,16258.809000000008,6600,21.33,140778.0,157036.809
2023-07-14,16258.809000000008,6600,21.22,140052.0,156310.809
2023-07-17,16258.809000000008,6600,21.22,140052.0,156310.809
2023-07-18,16258.809000000008,6600,20.68,136488.0,152746.809
2023-07-19,16258.809000000008,6600,20.49,135234.0,151492.809
2023-07-20,16258.809000000008,6600,19.13,126258.0,142516.809
2023-07-21,141929.01299999998,0,18.83,0.0,141929.01299999998
2023-07-24,141929.01299999998,0,18.83,0.0,141929.01299999998
2023-07-25,141929.01299999998,0,19.02,0.0,141929.01299999998
2023-07-26,141929.01299999998,0,18.84,0.0,141929.01299999998
2023-07-27,141929.01299999998,0,19.04,0.0,141929.01299999998
2023-07-28,141929.01299999998,0,19.24,0.0,141929.01299999998
2023-07-31,141929.01299999998,0,18.92,0.0,141929.01299999998
2023-08-01,141929.01299999998,0,19.15,0.0,141929.01299999998
2023-08-02,141929.01299999998,0,18.37,0.0,141929.01299999998
2023-08-03,141929.01299999998,0,18.02,0.0,141929.01299999998
2023-08-04,141929.01299999998,0,18.17,0.0,141929.01299999998
2023-08-07,141929.01299999998,0,18.28,0.0,141929.01299999998
2023-08-08,141929.01299999998,0,18.26,0.0,141929.01299999998
2023-08-09,141929.01299999998,0,17.47,0.0,141929.01299999998
2023-08-10,141929.01299999998,0,17.52,0.0,141929.01299999998
2023-08-11,141929.01299999998,0,17.04,0.0,141929.01299999998
2023-08-14,141929.01299999998,0,17.02,0.0,141929.01299999998
2023-08-15,141929.01299999998,0,16.8,0.0,141929.01299999998
2023-08-16,141929.01299999998,0,16.33,0.0,141929.01299999998
2023-08-17,141929.01299999998,0,16.37,0.0,141929.01299999998
2023-08-18,141929.01299999998,0,16.19,0.0,141929.01299999998
2023-08-21,141929.01299999998,0,16.07,0.0,141929.01299999998
2023-08-22,141929.01299999998,0,16.37,0.0,141929.01299999998
2023-08-23,141929.01299999998,0,15.81,0.0,141929.01299999998
2023-08-24,141929.01299999998,0,16.47,0.0,141929.01299999998
2023-08-25,141929.01299999998,0,15.61,0.0,141929.01299999998
2023-08-28,141929.01299999998,0,15.75,0.0,141929.01299999998
2023-08-29,141929.01299999998,0,16.59,0.0,141929.01299999998
2023-08-30,141929.01299999998,0,17.38,0.0,141929.01299999998
2023-08-31,141929.01299999998,0,17.32,0.0,141929.01299999998
2023-09-01,141929.01299999998,0,17.42,0.0,141929.01299999998
2023-09-04,141929.01299999998,0,17.93,0.0,141929.01299999998
2023-09-05,141929.01299999998,0,17.87,0.0,141929.01299999998
2023-09-06,141929.01299999998,0,18.07,0.0,141929.01299999998
2023-09-07,141929.01299999998,0,17.69,0.0,141929.01299999998
2023-09-08,141929.01299999998,0,17.72,0.0,141929.01299999998
2023-09-11,141929.01299999998,0,17.86,0.0,141929.01299999998
2023-09-12,141929.01299999998,0,17.85,0.0,141929.01299999998
2023-09-13,141929.01299999998,0,17.59,0.0,141929.01299999998
2023-09-14,141929.01299999998,0,17.38,0.0,141929.01299999998
2023-09-15,141929.01299999998,0,17.36,0.0,141929.01299999998
2023-09-18,141929.01299999998,0,17.07,0.0,141929.01299999998
2023-09-19,141929.01299999998,0,17.12,0.0,141929.01299999998
2023-09-20,141929.01299999998,0,16.99,0.0,141929.01299999998
2023-09-21,141929.01299999998,0,16.99,0.0,141929.01299999998
2023-09-22,141929.01299999998,0,17.41,0.0,141929.01299999998
2023-09-25,141929.01299999998,0,16.74,0.0,141929.01299999998
2023-09-26,141929.01299999998,0,16.74,0.0,141929.01299999998
2023-09-27,141929.01299999998,0,16.4,0.0,141929.01299999998
2023-09-28,141929.01299999998,0,16.67,0.0,141929.01299999998
2023-10-09,141929.01299999998,0,17.23,0.0,141929.01299999998
2023-10-10,141929.01299999998,0,17.35,0.0,141929.01299999998
2023-10-11,141929.01299999998,0,17.34,0.0,141929.01299999998
2023-10-12,141929.01299999998,0,17.19,0.0,141929.01299999998
2023-10-13,141929.01299999998,0,17.68,0.0,141929.01299999998
2023-10-16,141929.01299999998,0,16.82,0.0,141929.01299999998
2023-10-17,141929.01299999998,0,16.66,0.0,141929.01299999998
2023-10-18,141929.01299999998,0,16.17,0.0,141929.01299999998
2023-10-19,141929.01299999998,0,16.12,0.0,141929.01299999998
2023-10-20,141929.01299999998,0,15.54,0.0,141929.01299999998
2023-10-23,141929.01299999998,0,14.84,0.0,141929.01299999998
2023-10-24,141929.01299999998,0,15.43,0.0,141929.01299999998
2023-10-25,141929.01299999998,0,15.19,0.0,141929.01299999998
2023-10-26,141929.01299999998,0,14.91,0.0,141929.01299999998
2023-10-27,141929.01299999998,0,14.65,0.0,141929.01299999998
2023-10-30,141929.01299999998,0,15.08,0.0,141929.01299999998
2023-10-31,141929.01299999998,0,16.64,0.0,141929.01299999998
2023-11-01,141929.01299999998,0,16.23,0.0,141929.01299999998
2023-11-02,141929.01299999998,0,15.57,0.0,141929.01299999998
2023-11-03,141929.01299999998,0,16.22,0.0,141929.01299999998
2023-11-06,141929.01299999998,0,16.68,0.0,141929.01299999998
2023-11-07,141929.01299999998,0,17.16,0.0,141929.01299999998
2023-11-08,141929.01299999998,0,16.95,0.0,141929.01299999998
2023-11-09,141929.01299999998,0,16.75,0.0,141929.01299999998
2023-11-10,141929.01299999998,0,16.93,0.0,141929.01299999998
2023-11-13,141929.01299999998,0,17.02,0.0,141929.01299999998
2023-11-14,141929.01299999998,0,17.22,0.0,141929.01299999998
2023-11-15,141929.01299999998,0,17.5,0.0,141929.01299999998
2023-11-16,141929.01299999998,0,16.97,0.0,141929.01299999998
2023-11-17,141929.01299999998,0,17.34,0.0,141929.01299999998
2023-11-20,141929.01299999998,0,17.65,0.0,141929.01299999998
2023-11-21,141929.01299999998,0,16.85,0.0,141929.01299999998
2023-11-22,141929.01299999998,0,16.64,0.0,141929.01299999998
2023-11-23,141929.01299999998,0,16.64,0.0,141929.01299999998
2023-11-24,141929.01299999998,0,16.01,0.0,141929.01299999998
2023-11-27,141929.01299999998,0,16.18,0.0,141929.01299999998
2023-11-28,141929.01299999998,0,16.23,0.0,141929.01299999998
2023-11-29,141929.01299999998,0,17.04,0.0,141929.01299999998
2023-11-30,141929.01299999998,0,16.56,0.0,141929.01299999998
2023-12-01,141929.01299999998,0,16.51,0.0,141929.01299999998
2023-12-04,141929.01299999998,0,17.0,0.0,141929.01299999998
2023-12-05,15652.862999999983,7500,16.17,121275.00000000001,136927.863
2023-12-06,136282.113,0,16.11,0.0,136282.113
2023-12-07,136282.113,0,16.19,0.0,136282.113
2023-12-08,136282.113,0,16.58,0.0,136282.113
2023-12-11,136282.113,0,16.66,0.0,136282.113
2023-12-12,136282.113,0,16.62,0.0,136282.113
2023-12-13,136282.113,0,16.36,0.0,136282.113
2023-12-14,136282.113,0,16.17,0.0,136282.113
2023-12-15,136282.113,0,16.22,0.0,136282.113
2023-12-18,136282.113,0,15.53,0.0,136282.113
2023-12-19,136282.113,0,15.58,0.0,136282.113
2023-12-20,136282.113,0,15.34,0.0,136282.113
2023-12-21,136282.113,0,15.46,0.0,136282.113
2023-12-22,136282.113,0,15.13,0.0,136282.113
2023-12-25,136282.113,0,15.29,0.0,136282.113
2023-12-26,136282.113,0,14.76,0.0,136282.113
2023-12-27,136282.113,0,15.18,0.0,136282.113
2023-12-28,136282.113,0,15.38,0.0,136282.113
2023-12-29,136282.113,0,15.67,0.0,136282.113
2024-01-02,136282.113,0,15.27,0.0,136282.113
2024-01-03,136282.113,0,14.99,0.0,136282.113
2024-01-04,136282.113,0,14.73,0.0,136282.113
2024-01-05,136282.113,0,14.32,0.0,136282.113
2024-01-08,136282.113,0,13.67,0.0,136282.113
2024-01-09,136282.113,0,13.57,0.0,136282.113
2024-01-10,136282.113,0,13.59,0.0,136282.113
2024-01-11,136282.113,0,13.72,0.0,136282.113
2024-01-12,136282.113,0,13.3,0.0,136282.113
2024-01-15,136282.113,0,13.32,0.0,136282.113
2024-01-16,136282.113,0,12.67,0.0,136282.113
2024-01-17,136282.113,0,12.38,0.0,136282.113
2024-01-18,136282.113,0,12.4,0.0,136282.113
2024-01-19,136282.113,0,12.35,0.0,136282.113
2024-01-22,136282.113,0,11.66,0.0,136282.113
2024-01-23,136282.113,0,11.98,0.0,136282.113
2024-01-24,136282.113,0,12.09,0.0,136282.113
2024-01-25,136282.113,0,12.81,0.0,136282.113
2024-01-26,136282.113,0,12.66,0.0,136282.113
2024-01-29,136282.113,0,12.28,0.0,136282.113
2024-01-30,136282.113,0,12.01,0.0,136282.113
2024-01-31,136282.113,0,11.34,0.0,136282.113
2024-02-01,136282.113,0,11.33,0.0,136282.113
2024-02-02,136282.113,0,10.76,0.0,136282.113
2024-02-05,136282.113,0,9.93,0.0,136282.113
2024-02-06,136282.113,0,10.86,0.0,136282.113
2024-02-07,136282.113,0,11.5,0.0,136282.113
2024-02-08,136282.113,0,11.97,0.0,136282.113
2024-02-19,136282.113,0,12.4,0.0,136282.113
2024-02-20,136282.113,0,12.64,0.0,136282.113
2024-02-21,136282.113,0,12.48,0.0,136282.113
2024-02-22,136282.113,0,12.97,0.0,136282.113
2024-02-23,136282.113,0,13.33,0.0,136282.113
2024-02-26,136282.113,0,13.23,0.0,136282.113
2024-02-27,136282.113,0,13.94,0.0,136282.113
2024-02-28,136282.113,0,12.92,0.0,136282.113
2024-02-29,136282.113,0,13.74,0.0,136282.113
2024-03-01,136282.113,0,14.4,0.0,136282.113
2024-03-04,136282.113,0,14.6,0.0,136282.113
2024-03-05,136282.113,0,14.14,0.0,136282.113
2024-03-06,136282.113,0,14.24,0.0,136282.113
2024-03-07,136282.113,0,13.91,0.0,136282.113
2024-03-08,136282.113,0,14.41,0.0,136282.113
2024-03-11,136282.113,0,14.6,0.0,136282.113
2024-03-12,136282.113,0,14.55,0.0,136282.113
2024-03-13,136282.113,0,14.61,0.0,136282.113
2024-03-14,136282.113,0,14.29,0.0,136282.113
2024-03-15,136282.113,0,14.45,0.0,136282.113
2024-03-18,136282.113,0,14.63,0.0,136282.113
2024-03-19,136282.113,0,14.39,0.0,136282.113
2024-03-20,136282.113,0,14.54,0.0,136282.113
2024-03-21,136282.113,0,14.6,0.0,136282.113
2024-03-22,136282.113,0,14.38,0.0,136282.113
2024-03-25,136282.113,0,13.73,0.0,136282.113
2024-03-26,136282.113,0,13.73,0.0,136282.113
2024-03-27,136282.113,0,12.85,0.0,136282.113
2024-03-28,136282.113,0,13.19,0.0,136282.113
2024-03-29,136282.113,0,13.24,0.0,136282.113
2024-04-01,136282.113,0,13.49,0.0,136282.113
2024-04-02,136282.113,0,13.07,0.0,136282.113
2024-04-03,136282.113,0,12.86,0.0,136282.113
2024-04-08,136282.113,0,12.62,0.0,136282.113
2024-04-09,136282.113,0,12.72,0.0,136282.113
2024-04-10,136282.113,0,12.36,0.0,136282.113
2024-04-11,136282.113,0,12.89,0.0,136282.113
2024-04-12,136282.113,0,12.92,0.0,136282.113
2024-04-15,136282.113,0,12.94,0.0,136282.113
2024-04-16,136282.113,0,12.16,0.0,136282.113
2024-04-17,136282.113,0,13.13,0.0,136282.113
2024-04-18,136282.113,0,12.91,0.0,136282.113
2024-04-19,136282.113,0,12.52,0.0,136282.113
2024-04-22,136282.113,0,12.4,0.0,136282.113
2024-04-23,136282.113,0,12.42,0.0,136282.113
2024-04-24,136282.113,0,12.97,0.0,136282.113
2024-04-25,136282.113,0,12.94,0.0,136282.113
2024-04-26,136282.113,0,13.28,0.0,136282.113
2024-04-29,136282.113,0,13.57,0.0,136282.113
2024-04-30,136282.113,0,13.32,0.0,136282.113
2024-05-06,136282.113,0,13.5,0.0,136282.113
2024-05-07,136282.113,0,13.42,0.0,136282.113
2024-05-08,136282.113,0,13.03,0.0,136282.113
2024-05-09,136282.113,0,13.27,0.0,136282.113
2024-05-10,136282.113,0,13.15,0.0,136282.113
2024-05-13,136282.113,0,12.97,0.0,136282.113
2024-05-14,136282.113,0,12.86,0.0,136282.113
2024-05-15,136282.113,0,12.66,0.0,136282.113
2024-05-16,136282.113,0,12.69,0.0,136282.113
2024-05-17,136282.113,0,12.82,0.0,136282.113
2024-05-20,136282.113,0,12.98,0.0,136282.113
2024-05-21,136282.113,0,12.99,0.0,136282.113
2024-05-22,136282.113,0,12.98,0.0,136282.113
2024-05-23,136282.113,0,12.56,0.0,136282.113
2024-05-24,136282.113,0,12.22,0.0,136282.113
2024-05-27,136282.113,0,12.47,0.0,136282.113
2024-05-28,136282.113,0,12.51,0.0,136282.113
2024-05-29,136282.113,0,12.4,0.0,136282.113
2024-05-30,136282.113,0,12.65,0.0,136282.113
2024-05-31,136282.113,0,12.66,0.0,136282.113
2024-06-03,136282.113,0,12.81,0.0,136282.113
2024-06-04,136282.113,0,12.69,0.0,136282.113
2024-06-05,136282.113,0,13.06,0.0,136282.113
2024-06-06,136282.113,0,13.32,0.0,136282.113
2024-06-07,136282.113,0,14.17,0.0,136282.113
2024-06-11,136282.113,0,14.96,0.0,136282.113
2024-06-12,136282.113,0,15.31,0.0,136282.113
2024-06-13,136282.113,0,14.89,0.0,136282.113
2024-06-14,136282.113,0,14.93,0.0,136282.113
2024-06-17,136282.113,0,15.77,0.0,136282.113
2024-06-18,136282.113,0,15.51,0.0,136282.113
2024-06-19,136282.113,0,15.59,0.0,136282.113
2024-06-20,136282.113,0,15.06,0.0,136282.113
2024-06-21,136282.113,0,14.74,0.0,136282.113
2024-06-24,136282.113,0,14.26,0.0,136282.113
2024-06-25,136282.113,0,13.75,0.0,136282.113
2024-06-26,136282.113,0,14.18,0.0,136282.113
2024-06-27,14360.31300000001,8700,14.22,123714.0,138074.31300000002
2024-06-28,136733.817,0,14.71,0.0,136733.817
2024-07-01,14055.261000000013,8400,14.57,122388.0,136443.261
2024-07-02,14055.261000000013,8400,14.24,119616.0,133671.261
2024-07-03,133467.729,0,14.34,0.0,133467.729
2024-07-04,133467.729,0,13.8,0.0,133467.729
2024-07-05,133467.729,0,13.84,0.0,133467.729
2024-07-08,133467.729,0,13.73,0.0,133467.729
2024-07-09,133467.729,0,14.6,0.0,133467.729
2024-07-10,133467.729,0,14.47,0.0,133467.729
2024-07-11,133467.729,0,14.9,0.0,133467.729
2024-07-12,14765.14499999999,8100,14.7,119070.0,133835.145
2024-07-15,14765.14499999999,8100,14.5,117450.0,132215.145
2024-07-16,14765.14499999999,8100,14.77,119637.0,134402.145
2024-07-17,14765.14499999999,8100,14.19,114939.0,129704.14499999999
2024-07-18,126837.95999999999,0,14.17,0.0,126837.95999999999
2024-07-19,126837.95999999999,0,14.57,0.0,126837.95999999999
2024-07-22,13156.391999999993,7800,14.6,113880.0,127036.39199999999
2024-07-23,13156.391999999993,7800,13.89,108342.0,121498.39199999999
2024-07-24,121234.20599999999,0,13.86,0.0,121234.20599999999
2024-07-25,121234.20599999999,0,13.29,0.0,121234.20599999999
2024-07-26,121234.20599999999,0,13.39,0.0,121234.20599999999
2024-07-29,121234.20599999999,0,13.4,0.0,121234.20599999999
2024-07-30,121234.20599999999,0,13.41,0.0,121234.20599999999
2024-07-31,121234.20599999999,0,13.98,0.0,121234.20599999999
2024-08-01,121234.20599999999,0,14.14,0.0,121234.20599999999
2024-08-02,12705.785999999993,7800,13.55,105690.0,118395.786
2024-08-05,116653.734,0,12.72,0.0,116653.734
2024-08-06,116653.734,0,12.93,0.0,116653.734
2024-08-07,116653.734,0,12.94,0.0,116653.734
2024-08-08,116653.734,0,12.92,0.0,116653.734
2024-08-09,116653.734,0,12.91,0.0,116653.734
2024-08-12,116653.734,0,12.78,0.0,116653.734
2024-08-13,116653.734,0,13.03,0.0,116653.734
2024-08-14,116653.734,0,12.86,0.0,116653.734
2024-08-15,116653.734,0,13.01,0.0,116653.734
2024-08-16,116653.734,0,13.02,0.0,116653.734
2024-08-19,116653.734,0,13.04,0.0,116653.734
2024-08-20,116653.734,0,12.67,0.0,116653.734
2024-08-21,116653.734,0,12.67,0.0,116653.734
2024-08-22,116653.734,0,12.34,0.0,116653.734
2024-08-23,116653.734,0,12.4,0.0,116653.734
2024-08-26,116653.734,0,12.38,0.0,116653.734
2024-08-27,116653.734,0,11.91,0.0,116653.734
2024-08-28,116653.734,0,11.86,0.0,116653.734
2024-08-29,116653.734,0,12.07,0.0,116653.734
2024-08-30,116653.734,0,13.32,0.0,116653.734
2024-09-02,116653.734,0,13.28,0.0,116653.734
2024-09-03,116653.734,0,13.4,0.0,116653.734
2024-09-04,116653.734,0,13.12,0.0,116653.734
2024-09-05,116653.734,0,13.09,0.0,116653.734
2024-09-06,116653.734,0,12.74,0.0,116653.734
2024-09-09,116653.734,0,12.69,0.0,116653.734
2024-09-10,116653.734,0,12.96,0.0,116653.734
2024-09-11,116653.734,0,12.8,0.0,116653.734
2024-09-12,116653.734,0,12.69,0.0,116653.734
2024-09-13,116653.734,0,12.47,0.0,116653.734
2024-09-18,116653.734,0,12.54,0.0,116653.734
2024-09-19,116653.734,0,12.71,0.0,116653.734
2024-09-20,116653.734,0,12.77,0.0,116653.734
2024-09-23,116653.734,0,12.75,0.0,116653.734
2024-09-24,116653.734,0,13.25,0.0,116653.734
2024-09-25,116653.734,0,13.21,0.0,116653.734
2024-09-26,116653.734,0,13.72,0.0,116653.734
2024-09-27,116653.734,0,14.64,0.0,116653.734
2024-09-30,116653.734,0,16.12,0.0,116653.734
2024-10-08,116653.734,0,17.77,0.0,116653.734
2024-10-09,116653.734,0,16.74,0.0,116653.734
2024-10-10,116653.734,0,16.42,0.0,116653.734
2024-10-11,116653.734,0,15.28,0.0,116653.734
2024-10-14,116653.734,0,15.86,0.0,116653.734
2024-10-15,116653.734,0,15.4,0.0,116653.734
2024-10-16,116653.734,0,15.19,0.0,116653.734
2024-10-17,116653.734,0,15.36,0.0,116653.734
2024-10-18,116653.734,0,16.21,0.0,116653.734
2024-10-21,116653.734,0,17.11,0.0,116653.734
2024-10-22,116653.734,0,17.04,0.0,116653.734
2024-10-23,116653.734,0,17.12,0.0,116653.734
2024-10-24,116653.734,0,16.85,0.0,116653.734
2024-10-25,116653.734,0,18.58,0.0,116653.734
2024-10-28,116653.734,0,20.48,0.0,116653.734
2024-10-29,116653.734,0,20.17,0.0,116653.734
2024-10-30,116653.734,0,22.23,0.0,116653.734
2024-10-31,116653.734,0,23.21,0.0,116653.734
2024-11-01,116653.734,0,20.85,0.0,116653.734
2024-11-04,116653.734,0,19.79,0.0,116653.734
2024-11-05,116653.734,0,20.32,0.0,116653.734
2024-11-06,116653.734,0,20.24,0.0,116653.734
2024-11-07,116653.734,0,20.44,0.0,116653.734
2024-11-08,116653.734,0,20.87,0.0,116653.734
2024-11-11,116653.734,0,23.0,0.0,116653.734
2024-11-12,116653.734,0,22.06,0.0,116653.734
2024-11-13,116653.734,0,21.53,0.0,116653.734
2024-11-14,116653.734,0,20.59,0.0,116653.734
2024-11-15,116653.734,0,19.94,0.0,116653.734
2024-11-18,116653.734,0,19.52,0.0,116653.734
2024-11-19,116653.734,0,19.91,0.0,116653.734
2024-11-20,116653.734,0,19.92,0.0,116653.734
2024-11-21,116653.734,0,20.74,0.0,116653.734
2024-11-22,11743.929000000004,5100,19.31,98481.0,110224.929
2024-11-25,109005.57,0,18.73,0.0,109005.57
2024-11-26,109005.57,0,18.52,0.0,109005.57
2024-11-27,109005.57,0,18.96,0.0,109005.57
2024-11-28,109005.57,0,19.7,0.0,109005.57
2024-11-29,109005.57,0,19.75,0.0,109005.57
2024-12-02,109005.57,0,20.28,0.0,109005.57
2024-12-03,11372.034000000014,4800,19.82,95136.0,106508.03400000001
2024-12-04,107563.74600000001,0,19.6,0.0,107563.74600000001
2024-12-05,107563.74600000001,0,19.67,0.0,107563.74600000001
2024-12-06,107563.74600000001,0,19.79,0.0,107563.74600000001
2024-12-09,107563.74600000001,0,19.5,0.0,107563.74600000001
2024-12-10,107563.74600000001,0,19.62,0.0,107563.74600000001
2024-12-11,107563.74600000001,0,19.59,0.0,107563.74600000001
2024-12-12,107563.74600000001,0,19.68,0.0,107563.74600000001
2024-12-13,11967.245000000024,4900,19.3,94570.0,106537.24500000002
2024-12-16,106295.82200000003,0,18.83,0.0,106295.82200000003
2024-12-17,106295.82200000003,0,18.53,0.0,106295.82200000003
2024-12-18,106295.82200000003,0,19.03,0.0,106295.82200000003
2024-12-19,106295.82200000003,0,19.59,0.0,106295.82200000003
2024-12-20,10699.32100000004,4900,19.82,97118.0,107817.32100000004
2024-12-23,10699.32100000004,4900,19.86,97314.0,108013.32100000004
2024-12-24,10699.32100000004,4900,19.87,97363.0,108062.32100000004
2024-12-25,10699.32100000004,4900,19.35,94815.0,105514.32100000004
2024-12-26,104734.19200000004,0,20.11,0.0,104734.19200000004
2024-12-27,10687.23900000006,4700,20.25,95175.0,105862.23900000006
2024-12-30,10687.23900000006,4700,20.07,94329.0,105016.23900000006
2024-12-31,10687.23900000006,4700,18.65,87655.0,98342.23900000006
2025-01-02,98113.72500000006,0,17.74,0.0,98113.72500000006
2025-01-03,98113.72500000006,0,17.1,0.0,98113.72500000006
2025-01-06,98113.72500000006,0,17.01,0.0,98113.72500000006
2025-01-07,98113.72500000006,0,17.42,0.0,98113.72500000006
2025-01-08,98113.72500000006,0,17.21,0.0,98113.72500000006
2025-01-09,98113.72500000006,0,17.46,0.0,98113.72500000006
2025-01-10,98113.72500000006,0,17.08,0.0,98113.72500000006
2025-01-13,98113.72500000006,0,16.97,0.0,98113.72500000006
2025-01-14,98113.72500000006,0,17.99,0.0,98113.72500000006
2025-01-15,98113.72500000006,0,17.73,0.0,98113.72500000006
2025-01-16,98113.72500000006,0,17.69,0.0,98113.72500000006
2025-01-17,98113.72500000006,0,17.88,0.0,98113.72500000006
2025-01-20,98113.72500000006,0,19.37,0.0,98113.72500000006
2025-01-21,98113.72500000006,0,19.31,0.0,98113.72500000006
2025-01-22,98113.72500000006,0,19.45,0.0,98113.72500000006
2025-01-23,98113.72500000006,0,19.07,0.0,98113.72500000006
2025-01-24,98113.72500000006,0,19.29,0.0,98113.72500000006
2025-01-27,98113.72500000006,0,18.69,0.0,98113.72500000006
2025-02-05,98113.72500000006,0,18.99,0.0,98113.72500000006
2025-02-06,98113.72500000006,0,19.77,0.0,98113.72500000006
2025-02-07,98113.72500000006,0,19.74,0.0,98113.72500000006
2025-02-10,98113.72500000006,0,20.12,0.0,98113.72500000006
2025-02-11,98113.72500000006,0,19.69,0.0,98113.72500000006
2025-02-12,98113.72500000006,0,20.17,0.0,98113.72500000006
2025-02-13,98113.72500000006,0,19.57,0.0,98113.72500000006
2025-02-14,98113.72500000006,0,19.72,0.0,98113.72500000006
2025-02-17,98113.72500000006,0,20.14,0.0,98113.72500000006
2025-02-18,98113.72500000006,0,19.31,0.0,98113.72500000006
2025-02-19,98113.72500000006,0,20.5,0.0,98113.72500000006
2025-02-20,98113.72500000006,0,20.38,0.0,98113.72500000006
2025-02-21,98113.72500000006,0,20.94,0.0,98113.72500000006
2025-02-24,98113.72500000006,0,20.81,0.0,98113.72500000006
2025-02-25,98113.72500000006,0,20.24,0.0,98113.72500000006
2025-02-26,98113.72500000006,0,20.72,0.0,98113.72500000006
2025-02-27,98113.72500000006,0,20.84,0.0,98113.72500000006
2025-02-28,98113.72500000006,0,19.63,0.0,98113.72500000006
2025-03-03,98113.72500000006,0,19.89,0.0,98113.72500000006
2025-03-04,98113.72500000006,0,20.28,0.0,98113.72500000006
2025-03-05,11209.908000000069,4300,19.86,85398.0,96607.90800000007
2025-03-06,97510.52100000007,0,20.19,0.0,97510.52100000007
2025-03-07,11424.521000000066,4300,19.67,84581.00000000001,96005.52100000008
2025-03-10,95835.02600000007,0,19.48,0.0,95835.02600000007
2025-03-11,95835.02600000007,0,19.36,0.0,95835.02600000007
2025-03-12,95835.02600000007,0,19.81,0.0,95835.02600000007
2025-03-13,95835.02600000007,0,19.26,0.0,95835.02600000007
2025-03-14,95835.02600000007,0,19.69,0.0,95835.02600000007
2025-03-17,95835.02600000007,0,20.08,0.0,95835.02600000007
2025-03-18,11036.312000000064,4200,20.24,85008.0,96044.31200000006
2025-03-19,11036.312000000064,4200,19.78,83076.0,94112.31200000006
2025-03-20,93945.32000000007,0,19.48,0.0,93945.32000000007
2025-03-21,93945.32000000007,0,19.13,0.0,93945.32000000007
2025-03-24,93945.32000000007,0,19.13,0.0,93945.32000000007
2025-03-25,93945.32000000007,0,18.86,0.0,93945.32000000007
2025-03-26,93945.32000000007,0,19.1,0.0,93945.32000000007
2025-03-27,93945.32000000007,0,19.31,0.0,93945.32000000007
2025-03-28,93945.32000000007,0,18.66,0.0,93945.32000000007
2025-03-31,93945.32000000007,0,18.22,0.0,93945.32000000007
2025-04-01,93945.32000000007,0,18.21,0.0,93945.32000000007
2025-04-02,93945.32000000007,0,18.25,0.0,93945.32000000007
2025-04-03,93945.32000000007,0,18.09,0.0,93945.32000000007
2025-04-07,93945.32000000007,0,16.24,0.0,93945.32000000007
2025-04-08,93945.32000000007,0,15.54,0.0,93945.32000000007
2025-04-09,93945.32000000007,0,16.14,0.0,93945.32000000007
2025-04-10,93945.32000000007,0,16.29,0.0,93945.32000000007
2025-04-11,93945.32000000007,0,16.76,0.0,93945.32000000007
2025-04-14,93945.32000000007,0,17.14,0.0,93945.32000000007
2025-04-15,93945.32000000007,0,16.88,0.0,93945.32000000007
2025-04-16,93945.32000000007,0,16.63,0.0,93945.32000000007
2025-04-17,93945.32000000007,0,16.58,0.0,93945.32000000007
2025-04-18,93945.32000000007,0,16.66,0.0,93945.32000000007
2025-04-21,93945.32000000007,0,17.06,0.0,93945.32000000007
2025-04-22,93945.32000000007,0,16.95,0.0,93945.32000000007
2025-04-23,93945.32000000007,0,17.18,0.0,93945.32000000007
2025-04-24,93945.32000000007,0,16.92,0.0,93945.32000000007
2025-04-25,93945.32000000007,0,17.09,0.0,93945.32000000007
2025-04-28,93945.32000000007,0,16.93,0.0,93945.32000000007
2025-04-29,93945.32000000007,0,17.11,0.0,93945.32000000007
2025-04-30,93945.32000000007,0,17.46,0.0,93945.32000000007
2025-05-06,93945.32000000007,0,18.09,0.0,93945.32000000007
2025-05-07,93945.32000000007,0,18.0,0.0,93945.32000000007
2025-05-08,93945.32000000007,0,18.06,0.0,93945.32000000007
2025-05-09,93945.32000000007,0,17.77,0.0,93945.32000000007
2025-05-12,93945.32000000007,0,18.04,0.0,93945.32000000007
2025-05-13,93945.32000000007,0,17.89,0.0,93945.32000000007
2025-05-14,93945.32000000007,0,17.93,0.0,93945.32000000007
2025-05-15,93945.32000000007,0,17.49,0.0,93945.32000000007
2025-05-16,93945.32000000007,0,17.47,0.0,93945.32000000007
2025-05-19,93945.32000000007,0,17.49,0.0,93945.32000000007
2025-05-20,93945.32000000007,0,17.63,0.0,93945.32000000007
2025-05-21,93945.32000000007,0,17.49,0.0,93945.32000000007
2025-05-22,93945.32000000007,0,17.23,0.0,93945.32000000007
2025-05-23,93945.32000000007,0,16.98,0.0,93945.32000000007
2025-05-26,93945.32000000007,0,17.15,0.0,93945.32000000007
2025-05-27,93945.32000000007,0,16.93,0.0,93945.32000000007
2025-05-28,93945.32000000007,0,16.82,0.0,93945.32000000007
2025-05-29,93945.32000000007,0,17.3,0.0,93945.32000000007
2025-05-30,93945.32000000007,0,16.87,0.0,93945.32000000007
2025-06-03,93945.32000000007,0,16.82,0.0,93945.32000000007
2025-06-04,93945.32000000007,0,17.01,0.0,93945.32000000007
2025-06-05,93945.32000000007,0,17.28,0.0,93945.32000000007
2025-06-06,93945.32000000007,0,17.31,0.0,93945.32000000007
2025-06-09,93945.32000000007,0,17.39,0.0,93945.32000000007
2025-06-10,93945.32000000007,0,17.07,0.0,93945.32000000007
2025-06-11,93945.32000000007,0,17.12,0.0,93945.32000000007
2025-06-12,93945.32000000007,0,17.07,0.0,93945.32000000007
2025-06-13,93945.32000000007,0,16.81,0.0,93945.32000000007
2025-06-16,93945.32000000007,0,16.93,0.0,93945.32000000007
2025-06-17,93945.32000000007,0,16.96,0.0,93945.32000000007
2025-06-18,93945.32000000007,0,17.11,0.0,93945.32000000007
2025-06-19,93945.32000000007,0,16.82,0.0,93945.32000000007
2025-06-20,93945.32000000007,0,16.58,0.0,93945.32000000007
2025-06-23,93945.32000000007,0,16.98,0.0,93945.32000000007
2025-06-24,93945.32000000007,0,17.32,0.0,93945.32000000007
2025-06-25,93945.32000000007,0,17.88,0.0,93945.32000000007
2025-06-26,93945.32000000007,0,18.04,0.0,93945.32000000007
2025-06-27,93945.32000000007,0,18.28,0.0,93945.32000000007
2025-06-30,93945.32000000007,0,18.52,0.0,93945.32000000007
2025-07-01,93945.32000000007,0,18.51,0.0,93945.32000000007
2025-07-02,93945.32000000007,0,18.07,0.0,93945.32000000007
2025-07-03,93945.32000000007,0,18.31,0.0,93945.32000000007
2025-07-04,93945.32000000007,0,17.93,0.0,93945.32000000007
2025-07-07,93945.32000000007,0,17.79,0.0,93945.32000000007
2025-07-08,93945.32000000007,0,18.64,0.0,93945.32000000007
2025-07-09,93945.32000000007,0,18.27,0.0,93945.32000000007
2025-07-10,93945.32000000007,0,18.19,0.0,93945.32000000007
2025-07-11,93945.32000000007,0,18.28,0.0,93945.32000000007
2025-07-14,93945.32000000007,0,18.16,0.0,93945.32000000007
2025-07-15,93945.32000000007,0,18.36,0.0,93945.32000000007
2025-07-16,93945.32000000007,0,18.26,0.0,93945.32000000007
2025-07-17,93945.32000000007,0,18.64,0.0,93945.32000000007
2025-07-18,93945.32000000007,0,18.5,0.0,93945.32000000007
2025-07-21,93945.32000000007,0,18.51,0.0,93945.32000000007
2025-07-22,93945.32000000007,0,18.36,0.0,93945.32000000007
2025-07-23,93945.32000000007,0,18.21,0.0,93945.32000000007
2025-07-24,93945.32000000007,0,18.47,0.0,93945.32000000007
2025-07-25,10747.20500000006,4500,18.58,83609.99999999999,94357.20500000005
2025-07-28,10747.20500000006,4500,18.74,84330.0,95077.20500000006
2025-07-29,10747.20500000006,4500,18.86,84870.0,95617.20500000006
2025-07-30,10747.20500000006,4500,18.58,83609.99999999999,94357.20500000005
2025-07-31,10747.20500000006,4500,18.36,82620.0,93367.20500000006
2025-08-01,93284.58500000006,0,18.13,0.0,93284.58500000006
2025-08-04,93284.58500000006,0,18.29,0.0,93284.58500000006
2025-08-05,93284.58500000006,0,18.38,0.0,93284.58500000006
2025-08-06,93284.58500000006,0,18.49,0.0,93284.58500000006
2025-08-07,10041.425000000061,4500,18.53,83385.0,93426.42500000006
2025-08-08,10041.425000000061,4500,18.27,82215.0,92256.42500000006
2025-08-11,92174.21000000006,0,18.73,0.0,92174.21000000006
2025-08-12,10909.02600000007,4300,19.18,82474.0,93383.02600000007
2025-08-13,10909.02600000007,4300,19.15,82345.0,93254.02600000007
2025-08-14,10909.02600000007,4300,18.88,81184.0,92093.02600000007
2025-08-15,10909.02600000007,4300,19.06,81958.0,92867.02600000007
2025-08-18,10909.02600000007,4300,19.62,84366.0,95275.02600000007
2025-08-19,10909.02600000007,4300,20.81,89483.0,100392.02600000007
2025-08-20,10909.02600000007,4300,20.44,87892.0,98801.02600000007
2025-08-21,10909.02600000007,4300,20.33,87418.99999999999,98328.02600000006
2025-08-22,10909.02600000007,4300,21.22,91246.0,102155.02600000007
2025-08-25,10909.02600000007,4300,20.88,89784.0,100693.02600000007
2025-08-26,10909.02600000007,4300,21.55,92665.0,103574.02600000007
2025-08-27,10909.02600000007,4300,20.98,90214.0,101123.02600000007
2025-08-28,10909.02600000007,4300,21.86,93998.0,104907.02600000007
2025-08-29,10909.02600000007,4300,21.62,92966.0,103875.02600000007
2025-09-01,10909.02600000007,4300,21.73,93439.0,104348.02600000007
2025-09-02,10909.02600000007,4300,20.65,88795.0,99704.02600000007
2025-09-03,10909.02600000007,4300,20.01,86043.0,96952.02600000007
2025-09-04,97381.46700000008,0,19.18,0.0,97381.46700000008
2025-09-05,97381.46700000008,0,20.16,0.0,97381.46700000008
2025-09-08,97381.46700000008,0,20.26,0.0,97381.46700000008
2025-09-09,97381.46700000008,0,19.77,0.0,97381.46700000008
2025-09-10,97381.46700000008,0,19.54,0.0,97381.46700000008
2025-09-11,97381.46700000008,0,20.55,0.0,97381.46700000008
2025-09-12,11657.82900000007,4200,21.58,90636.0,102293.82900000007
2025-09-15,11657.82900000007,4200,21.66,90972.0,102629.82900000007
2025-09-16,11657.82900000007,4200,21.72,91224.0,102881.82900000007
2025-09-17,11657.82900000007,4200,21.47,90174.0,101831.82900000007
2025-09-18,11657.82900000007,4200,21.7,91140.0,102797.82900000007
2025-09-19,11657.82900000007,4200,21.99,92358.0,104015.82900000007
2025-09-22,11657.82900000007,4200,23.1,97020.0,108677.82900000007
2025-09-23,11657.82900000007,4200,22.51,94542.0,106199.82900000007
2025-09-24,11657.82900000007,4200,24.78,104076.0,115733.82900000007
2025-09-25,11657.82900000007,4200,24.63,103446.0,115103.82900000007
2025-09-26,11657.82900000007,4200,24.24,101808.0,113465.82900000007
2025-09-29,11657.82900000007,4200,25.12,105504.0,117161.82900000007
2025-09-30,11657.82900000007,4200,27.65,116130.0,127787.82900000007
2025-10-09,11657.82900000007,4200,30.44,127848.0,139505.82900000009
2025-10-10,11657.82900000007,4200,31.5,132300.0,143957.82900000009
2025-10-13,11657.82900000007,4200,31.17,130914.0,142571.82900000009
2025-10-14,11657.82900000007,4200,28.63,120246.0,131903.82900000009
2025-10-15,11657.82900000007,4200,29.28,122976.0,134633.82900000009
2025-10-16,11657.82900000007,4200,30.22,126924.0,138581.82900000009
2025-10-17,11657.82900000007,4200,27.18,114156.0,125813.82900000007
2025-10-20,11657.82900000007,4200,27.02,113484.0,125141.82900000007
2025-10-21,11657.82900000007,4200,28.11,118062.0,129719.82900000007
2025-10-22,11657.82900000007,4200,27.61,115962.0,127619.82900000007
2025-10-23,11657.82900000007,4200,27.74,116508.0,128165.82900000007
2025-10-24,11657.82900000007,4200,29.42,123564.0,135221.82900000009
2025-10-27,11657.82900000007,4200,29.88,125496.0,137153.82900000009
2025-10-28,11657.82900000007,4200,29.24,122808.0,134465.82900000009
2025-10-29,11657.82900000007,4200,29.59,124278.0,135935.82900000009
2025-10-30,11657.82900000007,4200,28.94,121548.0,133205.82900000009
2025-10-31,11657.82900000007,4200,27.08,113736.0,125393.82900000007
2025-11-03,124021.35300000008,0,26.93,0.0,124021.35300000008
2025-11-04,124021.35300000008,0,26.75,0.0,124021.35300000008
2025-11-05,124021.35300000008,0,26.18,0.0,124021.35300000008
2025-11-06,124021.35300000008,0,26.72,0.0,124021.35300000008
2025-11-07,124021.35300000008,0,26.36,0.0,124021.35300000008
2025-11-10,124021.35300000008,0,27.62,0.0,124021.35300000008
2025-11-11,124021.35300000008,0,26.27,0.0,124021.35300000008
2025-11-12,124021.35300000008,0,25.78,0.0,124021.35300000008
2025-11-13,124021.35300000008,0,25.94,0.0,124021.35300000008
2025-11-14,124021.35300000008,0,24.52,0.0,124021.35300000008
2025-11-17,124021.35300000008,0,24.34,0.0,124021.35300000008
2025-11-18,124021.35300000008,0,24.11,0.0,124021.35300000008
2025-11-19,124021.35300000008,0,23.68,0.0,124021.35300000008
2025-11-20,124021.35300000008,0,23.38,0.0,124021.35300000008
2025-11-21,124021.35300000008,0,22.3,0.0,124021.35300000008
2025-11-24,124021.35300000008,0,22.78,0.0,124021.35300000008
2025-11-25,124021.35300000008,0,23.16,0.0,124021.35300000008
2025-11-26,124021.35300000008,0,23.18,0.0,124021.35300000008
2025-11-27,124021.35300000008,0,23.2,0.0,124021.35300000008
2025-11-28,124021.35300000008,0,23.67,0.0,124021.35300000008
2025-12-01,124021.35300000008,0,24.39,0.0,124021.35300000008
2025-12-02,124021.35300000008,0,23.76,0.0,124021.35300000008
2025-12-03,124021.35300000008,0,23.58,0.0,124021.35300000008
2025-12-04,124021.35300000008,0,23.7,0.0,124021.35300000008
2025-12-05,124021.35300000008,0,23.66,0.0,124021.35300000008
2025-12-08,124021.35300000008,0,24.37,0.0,124021.35300000008
2025-12-09,124021.35300000008,0,24.27,0.0,124021.35300000008
2025-12-10,124021.35300000008,0,24.02,0.0,124021.35300000008
2025-12-11,124021.35300000008,0,23.56,0.0,124021.35300000008
2025-12-12,124021.35300000008,0,24.13,0.0,124021.35300000008
2025-12-15,124021.35300000008,0,23.47,0.0,124021.35300000008
2025-12-16,124021.35300000008,0,22.78,0.0,124021.35300000008
2025-12-17,124021.35300000008,0,23.42,0.0,124021.35300000008
2025-12-18,124021.35300000008,0,23.64,0.0,124021.35300000008
2025-12-19,124021.35300000008,0,23.49,0.0,124021.35300000008
2025-12-22,124021.35300000008,0,24.16,0.0,124021.35300000008
2025-12-23,124021.35300000008,0,24.17,0.0,124021.35300000008
2025-12-24,124021.35300000008,0,24.71,0.0,124021.35300000008
2025-12-25,124021.35300000008,0,24.58,0.0,124021.35300000008
2025-12-26,124021.35300000008,0,24.54,0.0,124021.35300000008
2025-12-29,124021.35300000008,0,24.24,0.0,124021.35300000008
2025-12-30,124021.35300000008,0,24.26,0.0,124021.35300000008
2025-12-31,124021.35300000008,0,25.06,0.0,124021.35300000008
2026-01-05,124021.35300000008,0,26.13,0.0,124021.35300000008
2026-01-06,124021.35300000008,0,26.67,0.0,124021.35300000008
2026-01-07,124021.35300000008,0,26.53,0.0,124021.35300000008
2026-01-08,124021.35300000008,0,26.54,0.0,124021.35300000008
2026-01-09,124021.35300000008,0,26.57,0.0,124021.35300000008
2026-01-12,124021.35300000008,0,27.28,0.0,124021.35300000008
2026-01-13,124021.35300000008,0,26.48,0.0,124021.35300000008
2026-01-14,124021.35300000008,0,26.68,0.0,124021.35300000008
2026-01-15,124021.35300000008,0,27.88,0.0,124021.35300000008
2026-01-16,124021.35300000008,0,29.57,0.0,124021.35300000008
2026-01-19,124021.35300000008,0,31.12,0.0,124021.35300000008
2026-01-20,124021.35300000008,0,31.27,0.0,124021.35300000008
2026-01-21,124021.35300000008,0,32.42,0.0,124021.35300000008
2026-01-22,124021.35300000008,0,31.29,0.0,124021.35300000008
2026-01-23,124021.35300000008,0,30.35,0.0,124021.35300000008
2026-01-26,124021.35300000008,0,29.22,0.0,124021.35300000008
2026-01-27,124021.35300000008,0,30.06,0.0,124021.35300000008
2026-01-28,124021.35300000008,0,31.6,0.0,124021.35300000008
2026-01-29,124021.35300000008,0,30.87,0.0,124021.35300000008
2026-01-30,124021.35300000008,0,32.27,0.0,124021.35300000008
2026-02-02,124021.35300000008,0,29.02,0.0,124021.35300000008
2026-02-03,124021.35300000008,0,29.65,0.0,124021.35300000008
2026-02-04,13749.191000000079,3800,28.13,106894.0,120643.19100000008
2026-02-05,116702.13500000008,0,27.18,0.0,116702.13500000008
2026-02-06,116702.13500000008,0,26.97,0.0,116702.13500000008
2026-02-09,116702.13500000008,0,28.62,0.0,116702.13500000008
2026-02-10,116702.13500000008,0,28.47,0.0,116702.13500000008
2026-02-11,116702.13500000008,0,27.9,0.0,116702.13500000008
2026-02-12,116702.13500000008,0,29.13,0.0,116702.13500000008
2026-02-13,116702.13500000008,0,32.07,0.0,116702.13500000008
2026-02-24,13302.83900000008,3200,33.55,107359.99999999999,120662.83900000007
2026-02-25,13302.83900000008,3200,33.06,105792.0,119094.83900000008
2026-02-26,13302.83900000008,3200,34.47,110304.0,123606.83900000008
2026-02-27,13302.83900000008,3200,34.18,109376.0,122678.83900000008
2026-03-02,13302.83900000008,3200,33.23,106335.99999999999,119638.83900000007
2026-03-03,13302.83900000008,3200,30.46,97472.0,110774.83900000008
2026-03-04,110677.36700000009,0,30.98,0.0,110677.36700000009
2026-03-05,13980.767000000065,3000,31.37,94110.0,108090.76700000007
2026-03-06,13980.767000000065,3000,32.16,96479.99999999999,110460.76700000005
2026-03-09,13980.767000000065,3000,30.92,92760.0,106740.76700000007
2026-03-10,13980.767000000065,3000,32.19,96570.0,110550.76700000007
2026-03-11,13980.767000000065,3000,31.85,95550.0,109530.76700000007
2026-03-12,13980.767000000065,3000,31.03,93090.0,107070.76700000007
2026-03-13,13980.767000000065,3000,30.7,92100.0,106080.76700000007
2026-03-16,105928.72700000007,0,32.88,0.0,105928.72700000007
2026-03-17,12310.202000000078,2900,32.04,92916.0,105226.20200000008
2026-03-18,12310.202000000078,2900,33.41,96888.99999999999,109199.20200000006
2026-03-19,12310.202000000078,2900,32.21,93409.0,105719.20200000008
2026-03-20,12310.202000000078,2900,30.27,87783.0,100093.20200000008
2026-03-23,96297.13100000008,0,28.24,0.0,96297.13100000008
2026-03-24,96297.13100000008,0,28.52,0.0,96297.13100000008
2026-03-25,96297.13100000008,0,29.21,0.0,96297.13100000008
2026-03-26,96297.13100000008,0,27.64,0.0,96297.13100000008
2026-03-27,96297.13100000008,0,27.27,0.0,96297.13100000008
2026-03-30,96297.13100000008,0,26.87,0.0,96297.13100000008
2026-03-31,96297.13100000008,0,25.57,0.0,96297.13100000008
2026-04-01,96297.13100000008,0,26.45,0.0,96297.13100000008
2026-04-02,96297.13100000008,0,25.43,0.0,96297.13100000008
2026-04-03,96297.13100000008,0,25.43,0.0,96297.13100000008
2026-04-07,96297.13100000008,0,25.79,0.0,96297.13100000008
2026-04-08,96297.13100000008,0,27.61,0.0,96297.13100000008
2026-04-09,96297.13100000008,0,27.48,0.0,96297.13100000008
2026-04-10,96297.13100000008,0,27.88,0.0,96297.13100000008
2026-04-13,96297.13100000008,0,28.03,0.0,96297.13100000008
2026-04-14,96297.13100000008,0,28.91,0.0,96297.13100000008
2026-04-15,96297.13100000008,0,28.06,0.0,96297.13100000008
2026-04-16,96297.13100000008,0,28.55,0.0,96297.13100000008
2026-04-17,96297.13100000008,0,28.78,0.0,96297.13100000008
2026-04-20,96297.13100000008,0,28.88,0.0,96297.13100000008
2026-04-21,96297.13100000008,0,28.63,0.0,96297.13100000008
2026-04-22,96297.13100000008,0,29.24,0.0,96297.13100000008
2026-04-23,96297.13100000008,0,28.51,0.0,96297.13100000008
2026-04-24,96297.13100000008,0,28.63,0.0,96297.13100000008
2026-04-27,96297.13100000008,0,29.07,0.0,96297.13100000008
2026-04-28,96297.13100000008,0,28.38,0.0,96297.13100000008
2026-04-29,96297.13100000008,0,29.01,0.0,96297.13100000008
2026-04-30,96297.13100000008,0,29.0,0.0,96297.13100000008
2026-05-06,96297.13100000008,0,30.5,0.0,96297.13100000008
2026-05-07,96297.13100000008,0,31.32,0.0,96297.13100000008
2026-05-08,96297.13100000008,0,30.8,0.0,96297.13100000008
2026-05-11,96297.13100000008,0,32.75,0.0,96297.13100000008
2026-05-12,96297.13100000008,0,32.09,0.0,96297.13100000008
2026-05-13,96297.13100000008,0,34.39,0.0,96297.13100000008
2026-05-14,96297.13100000008,0,34.12,0.0,96297.13100000008
2026-05-15,96297.13100000008,0,33.44,0.0,96297.13100000008
2026-05-18,96297.13100000008,0,36.81,0.0,96297.13100000008
2026-05-19,96297.13100000008,0,37.45,0.0,96297.13100000008
2026-05-20,96297.13100000008,0,37.63,0.0,96297.13100000008
2026-05-21,96297.13100000008,0,36.15,0.0,96297.13100000008
2026-05-22,96297.13100000008,0,37.51,0.0,96297.13100000008
2026-05-25,96297.13100000008,0,40.93,0.0,96297.13100000008
2026-05-26,96297.13100000008,0,42.53,0.0,96297.13100000008
2026-05-27,96297.13100000008,0,43.76,0.0,96297.13100000008
2026-05-28,96297.13100000008,0,42.43,0.0,96297.13100000008
2026-05-29,96297.13100000008,0,39.57,0.0,96297.13100000008
2026-06-01,96297.13100000008,0,36.21,0.0,96297.13100000008
2026-06-02,96297.13100000008,0,36.96,0.0,96297.13100000008
2026-06-03,96297.13100000008,0,38.08,0.0,96297.13100000008
2026-06-04,96297.13100000008,0,39.46,0.0,96297.13100000008
2026-06-05,96297.13100000008,0,37.91,0.0,96297.13100000008
2026-06-08,96297.13100000008,0,35.15,0.0,96297.13100000008
2026-06-09,96297.13100000008,0,37.32,0.0,96297.13100000008
2026-06-10,96297.13100000008,0,38.34,0.0,96297.13100000008
2026-06-11,13098.015000000087,2200,39.08,85976.0,99074.01500000009
2026-06-12,13098.015000000087,2200,37.09,81598.00000000001,94696.0150000001
2026-06-15,96350.67900000009,0,39.47,0.0,96350.67900000009
2026-06-16,12792.204000000085,2100,40.77,85617.0,98409.20400000009
2026-06-17,12792.204000000085,2100,42.91,90111.0,102903.20400000009
2026-06-18,12792.204000000085,2100,44.04,92484.0,105276.20400000009
2026-06-22,12792.204000000085,2100,46.68,98028.0,110820.20400000009
2026-06-23,12792.204000000085,2100,45.7,95970.0,108762.20400000009
2026-06-24,12792.204000000085,2100,50.27,105567.0,118359.20400000009
2026-06-25,12792.204000000085,2100,53.2,111720.0,124512.20400000009
2026-06-26,12792.204000000085,2100,53.51,112371.0,125163.20400000009
2026-06-29,12792.204000000085,2100,58.86,123606.0,136398.20400000009
2026-06-30,12792.204000000085,2100,64.27,134967.0,147759.20400000009
2026-07-01,12792.204000000085,2100,62.26,130746.0,143538.20400000009
2026-07-02,12792.204000000085,2100,56.03,117663.0,130455.20400000009
2026-07-03,12792.204000000085,2100,55.91,117411.0,130203.20400000009
2026-07-06,12792.204000000085,2100,53.3,111930.0,124722.20400000009
2026-07-07,12792.204000000085,2100,54.07,113547.0,126339.20400000009
2026-07-08,122050.83600000008,0,52.08,0.0,122050.83600000008
